{"cameraMode":{"drawMode":0,"name":"Shaded","section":"Shading Mode"},"sceneLighting":true,"audioPlay":false,"sceneViewState":{"showFog":true,"showMaterialUpdate":false,"showSkybox":true,"showFlares":true,"showImageEffects":true,"showParticleSystems":true},"in2DMode":false,"pivot":{"x":1.0032539367675782,"y":0.8067142367362976,"z":-1.7541898488998414},"rotation":{"x":-0.4539318084716797,"y":-0.02111564762890339,"z":0.010766143910586834,"w":-0.8907351493835449},"size":8.989171981811524,"orthographic":false}