{"cameraMode":{"drawMode":0,"name":"Shaded","section":"Shading Mode"},"sceneLighting":false,"audioPlay":false,"sceneViewState":{"showFog":true,"showMaterialUpdate":false,"showSkybox":false,"showFlares":true,"showImageEffects":true,"showParticleSystems":true},"in2DMode":false,"pivot":{"x":16.399999618530275,"y":1.409999966621399,"z":23.600000381469728},"rotation":{"x":-0.18843896687030793,"y":-0.6818521022796631,"z":0.188410222530365,"w":-0.6813168525695801},"size":0.8660253882408142,"orthographic":false}